Understat_Name,minutes,goals_scored,assists,clean_sheets,goals_conceded,own_goals,penalties_saved,penalties_missed,yellow_cards,red_cards,saves,bonus,bps,influence,creativity,threat,ict_index,starts,expected_goals,expected_assists,expected_goal_involvements,expected_goals_conceded,total_points
Bernd Leno,90,0,0,0,2,0,0,0,0,0,4,0,18,31.6,0.0,0.0,3.2,1,0.00000,0.00061,0.00061,1.05450,2
Granit Xhaka,90,0,0,1,0,0,0,0,0,0,0,0,15,8.6,2.8,2.0,1.3,1,0.00000,0.02411,0.02411,1.85510,3
Rob Holding,8,0,0,0,0,0,0,0,0,0,0,0,3,0.2,0.1,0.0,0.0,0,0.00000,0.00022,0.00022,0.13740,1
Thomas Partey,90,0,0,1,0,0,0,0,0,0,0,0,15,10.0,1.0,0.0,1.1,1,0.00000,0.00430,0.00430,1.85510,3
Martin Odegaard,72,0,1,1,0,0,0,0,0,0,0,0,25,28.8,23.1,44.0,9.6,1,0.16410,0.16523,0.32933,1.68540,6
Kieran Tierney,14,0,0,0,0,0,0,0,0,0,0,0,4,2.2,0.3,0.0,0.3,0,0.00000,0.00170,0.00170,0.16980,1
Ben White,75,0,0,1,0,0,0,0,0,0,0,0,21,25.8,1.6,0.0,2.7,1,0.00000,0.01402,0.01402,1.68540,6
Eddie Nketiah,8,0,0,0,0,0,0,0,0,0,0,0,0,0.0,0.3,7.0,0.5,0,0.07120,0.00109,0.07229,0.13740,1
Bukayo Saka,81,1,0,1,0,0,0,0,0,0,0,1,28,37.4,18.3,19.0,7.5,1,0.09240,0.08806,0.18046,1.71770,9
Takehiro Tomiyasu,90,0,0,1,0,0,0,0,0,0,0,0,26,12.4,1.3,0.0,1.4,1,0.00000,0.00759,0.00759,1.85510,6
Aaron Ramsdale,90,0,0,1,0,0,0,0,0,0,4,3,32,34.8,0.0,0.0,3.5,1,0.00000,0.00050,0.00050,1.85510,10
Gabriel,90,0,0,1,0,0,0,0,1,0,0,3,32,42.2,0.3,17.0,6.0,1,0.10070,0.00136,0.10206,1.85510,8
Gabriel Martinelli,90,0,0,1,0,0,0,0,0,0,0,0,3,7.8,13.3,22.0,4.3,1,0.05230,0.21473,0.26703,1.85510,3
Ainsley Maitland-Niles,74,0,0,0,1,0,0,0,0,0,0,0,9,12.6,0.6,0.0,1.3,1,0.00000,0.00217,0.00217,1.20560,2
Fábio Vieira,17,0,0,0,0,0,0,0,0,0,0,0,2,1.2,14.8,0.0,1.6,0,0.00000,0.02170,0.02170,0.16980,1
William Saliba,90,0,0,1,0,0,0,0,1,0,0,0,21,13.6,0.3,0.0,1.4,1,0.00000,0.00294,0.00294,1.85510,5
Gabriel Jesus,81,0,0,1,0,0,0,0,0,0,0,0,2,6.0,23.5,11.0,4.1,1,0.06880,0.01534,0.08414,1.71770,2
Philippe Coutinho,16,0,0,0,0,0,0,0,0,0,0,0,4,1.4,0.5,8.0,1.0,0,0.03700,0.00268,0.03968,0.11890,1
Danny Ings,90,0,0,0,2,0,0,0,0,0,0,0,0,11.0,0.8,84.0,9.6,1,0.41970,0.00267,0.42237,0.86580,2
Emiliano Martinez,90,0,0,0,2,0,0,0,0,0,2,0,17,20.4,0.0,0.0,2.0,1,0.00000,0.00400,0.00400,0.86580,1
John McGinn,73,0,0,0,2,0,0,0,0,0,0,0,4,17.8,10.8,43.0,7.2,1,0.39710,0.55480,0.95190,0.74690,2
Tyrone Mings,90,0,0,0,2,0,0,0,0,0,0,0,11,15.0,14.3,0.0,2.9,1,0.00000,0.00726,0.00726,0.86580,1
Ollie Watkins,90,0,0,0,2,0,0,0,0,0,0,0,-1,4.4,17.9,19.0,4.1,1,0.21870,0.09454,0.31324,0.86580,2
Emiliano Buendía,24,0,0,0,0,0,0,0,0,0,0,0,2,2.8,4.2,22.0,2.9,0,0.05810,0.01086,0.06896,0.20840,1
Matthew Cash,90,0,0,0,2,0,0,0,0,0,0,0,15,16.2,50.0,0.0,6.6,1,0.00000,0.10258,0.10258,0.86580,1
Ezri Konsa Ngoyo,90,0,0,0,2,0,0,0,0,0,0,0,13,12.4,10.7,6.0,2.9,1,0.03110,0.02482,0.05592,0.86580,1
Leon Bailey,65,0,0,0,2,0,0,0,0,0,0,0,10,2.8,34.8,10.0,4.8,1,0.43790,0.61802,1.05592,0.65740,2
Douglas Luiz,90,0,0,0,2,0,0,0,0,0,0,0,10,12.0,7.6,7.0,2.7,1,0.01670,0.01418,0.03088,0.86580,2
Jacob Ramsey,77,0,0,0,2,0,0,0,0,0,0,0,8,5.6,3.2,23.0,3.2,1,0.18070,0.00808,0.18878,0.74690,2
Adam Smith,90,0,0,0,2,0,0,0,0,0,0,0,7,27.2,0.6,33.0,6.1,1,0.25820,0.00142,0.25962,2.12620,1
Ryan Fredericks,90,0,0,0,2,0,0,0,0,0,0,0,8,7.6,0.5,0.0,0.8,1,0.00000,0.00465,0.00465,2.12620,1
Kieffer Moore,1,0,0,0,0,0,0,0,0,0,0,0,3,0.0,0.1,0.0,0.0,0,0.00000,0.00015,0.00015,0.05000,1
Jefferson Lerma,90,1,0,0,2,0,0,0,0,0,0,0,23,47.8,0.6,38.0,8.6,1,0.36250,0.00369,0.36619,2.12620,7
Jack Stacey,1,0,0,0,0,0,0,0,0,0,0,0,3,2.0,0.0,0.0,0.2,0,0.00000,0.00000,0.00000,0.05000,1
Dominic Solanke,88,1,1,0,2,0,0,0,0,0,0,3,36,54.4,13.6,42.0,11.0,1,0.33990,0.07182,0.41172,2.07610,12
Lewis Cook,90,0,0,0,2,0,0,0,0,0,0,0,18,18.4,43.1,0.0,6.2,1,0.00000,0.32596,0.32596,2.12620,2
Ryan Christie,88,0,0,0,2,0,0,0,0,0,0,0,10,12.4,25.7,0.0,3.8,1,0.00000,0.06132,0.06132,2.07610,2
Philip Billing,79,0,1,0,2,0,0,0,0,0,0,0,23,30.8,13.3,4.0,4.8,1,0.00000,0.07297,0.07297,1.99370,5
Chris Mepham,90,0,0,0,2,0,0,0,0,0,0,0,11,14.0,0.1,4.0,1.8,1,0.04990,0.00173,0.05163,2.12620,1
Jaidon Anthony,15,0,0,0,0,0,0,0,0,0,0,0,2,5.2,0.3,7.0,1.3,0,0.02830,0.00102,0.02932,0.13250,1
Jordan Zemura,10,0,0,0,0,0,0,0,0,0,0,0,4,4.0,10.8,2.0,1.7,0,0.00000,0.00231,0.00231,0.13250,1
Ivan Toney,90,2,0,1,0,0,0,0,1,0,0,3,54,72.8,16.7,58.0,14.8,1,1.02340,0.07528,1.09868,1.94910,12
David Raya,90,0,0,1,0,0,0,0,0,0,7,2,36,47.8,0.0,0.0,4.8,1,0.00000,0.00268,0.00268,1.94910,10
Sergi Canos,10,0,0,0,0,0,0,0,0,0,0,0,5,1.4,0.5,0.0,0.2,0,0.00000,0.00715,0.00715,0.38650,1
Josh Dasilva,10,0,0,0,0,0,0,0,0,0,0,0,3,6.4,0.6,2.0,0.9,0,0.00000,0.01512,0.01512,0.38650,1
Kristoffer Ajer,90,0,0,1,0,0,0,0,0,0,0,0,19,21.6,1.1,0.0,2.3,1,0.00000,0.02207,0.02207,1.94910,6
Rico Henry,86,0,0,1,0,0,0,0,0,0,0,0,20,8.6,4.7,0.0,1.3,1,0.00000,0.03173,0.03173,1.62960,6
Vitaly Janelt,90,0,0,1,0,0,0,0,0,0,0,0,9,22.8,1.1,0.0,2.4,1,0.00000,0.01142,0.01142,1.94910,3
Saman Ghoddos,3,0,0,0,0,0,0,0,0,0,0,0,3,1.0,0.0,0.0,0.1,0,0.00000,0.00000,0.00000,0.31950,1
Mathias Jensen,79,0,0,1,0,0,0,0,1,0,0,0,3,7.0,1.8,0.0,0.9,1,0.00000,0.03464,0.03464,1.56260,2
Yoane Wissa,70,0,0,1,0,0,0,0,0,0,0,0,5,1.8,0.9,1.0,0.4,1,0.01850,0.00391,0.02241,1.54340,3
Mads Roerslev,19,0,0,0,0,0,0,0,0,0,0,0,4,2.0,0.0,18.0,2.0,0,0.09610,0.00000,0.09610,0.40570,1
Ethan Pinnock,90,0,0,1,0,0,0,0,0,0,0,1,25,19.2,1.9,4.0,2.5,1,0.00000,0.26698,0.26698,1.94910,7
Frank Onyeka,70,0,1,1,0,0,0,0,0,0,0,0,14,20.0,11.1,8.0,3.9,1,0.12940,0.47248,0.60188,1.54340,6
Shandon Baptiste,19,0,0,0,0,0,0,0,1,0,0,0,0,1.0,0.0,0.0,0.1,0,0.00000,0.00000,0.00000,0.40570,0
Bryan Mbeumo,79,0,0,1,0,0,0,0,0,0,0,0,3,1.8,16.1,10.0,2.8,1,0.05300,0.16744,0.22044,1.56260,2
Adam Lallana,22,0,0,0,0,0,0,0,0,0,0,0,6,10.6,22.9,25.0,5.9,0,0.13720,0.22286,0.36006,0.09610,1
Danny Welbeck,90,0,0,0,2,0,0,0,0,0,0,0,0,0.6,3.4,47.0,5.1,1,0.48450,0.02439,0.50889,1.46570,2
Pascal Groß,67,0,0,0,2,0,0,0,0,0,0,0,8,8.2,37.5,16.0,6.2,1,0.02510,0.34719,0.37229,1.36960,2
Lewis Dunk,90,0,0,0,2,0,0,0,0,0,0,0,13,21.0,1.8,9.0,3.2,1,0.26810,0.01365,0.28175,1.46570,1
Solly March,90,0,0,0,2,0,0,0,0,0,0,0,10,22.0,43.7,59.0,12.5,1,0.31560,0.17530,0.49090,1.46570,2
Adam Webster,90,0,0,0,2,0,0,0,0,0,0,0,11,7.6,3.2,0.0,1.1,1,0.00000,0.07431,0.07431,1.46570,1
Joël Veltman,90,0,0,0,2,0,0,0,0,0,0,0,8,12.0,10.0,19.0,4.1,1,0.21280,0.10359,0.31639,1.46570,1
Neal Maupay,65,0,0,0,1,0,0,0,1,0,0,0,2,0.0,0.8,0.0,0.0,1,0.00000,0.00160,0.00160,1.84040,1
Leandro Trossard,68,0,0,0,2,0,0,0,0,0,0,0,12,10.6,37.8,32.0,8.0,1,0.07130,0.05261,0.12391,1.36960,2
Marc Cucurella,45,0,0,0,0,0,0,0,0,0,0,0,9,8.0,0.3,0.0,0.8,1,0.00000,0.00205,0.00205,1.31010,1
Robert Sánchez,90,0,0,0,2,0,0,0,0,0,0,0,8,2.6,0.0,0.0,0.3,1,0.00000,0.00057,0.00057,1.46570,1
Alexis Mac Allister,90,0,0,0,2,0,0,0,0,0,0,0,15,23.6,35.3,30.0,8.9,1,0.12190,0.27348,0.39538,1.46570,2
Moisés Caicedo,90,0,0,0,2,0,0,0,1,0,0,0,10,25.2,39.0,15.0,7.9,1,0.06120,0.14555,0.20675,1.46570,1
Deniz Undav,21,0,0,0,0,0,0,0,0,0,0,0,1,0.0,3.8,43.0,4.5,0,0.25140,0.02334,0.27474,0.09610,1
Kaoru Mitoma,45,0,0,0,1,0,0,0,0,0,0,0,11,10.4,38.5,6.0,5.5,0,0.00000,0.43669,0.43669,1.02990,1
César Azpilicueta,45,0,0,0,0,0,0,0,0,0,0,0,9,11.6,21.9,2.0,3.6,0,0.00000,0.03708,0.03708,0.47660,1
Thiago Silva,90,0,0,1,0,0,0,0,0,0,0,1,28,19.0,0.2,0.0,1.9,1,0.00000,0.00231,0.00231,1.78670,7
Jorginho,25,0,0,0,0,0,0,0,0,0,0,0,3,5.8,0.1,0.0,0.6,0,0.00000,0.00053,0.00053,0.12620,1
Mateo Kovacic,64,0,0,1,0,0,0,0,0,0,0,0,12,5.6,4.4,1.0,1.1,1,0.03590,0.00957,0.04547,1.66050,3
Kepa,90,0,0,1,0,0,0,0,0,0,7,2,37,54.2,0.0,0.0,5.4,1,0.00000,0.00016,0.00016,1.78670,10
Ruben Loftus-Cheek,90,0,0,1,0,0,0,0,0,0,0,0,10,5.8,1.1,2.0,0.9,1,0.00000,0.02078,0.02078,1.78670,3
Ben Chilwell,90,0,0,1,0,0,0,0,1,0,0,0,18,2.2,3.8,0.0,0.6,1,0.00000,0.02982,0.02982,1.78670,5
Trevoh Chalobah,90,0,0,1,0,0,0,0,0,0,0,0,25,15.6,0.3,0.0,1.6,1,0.00000,0.00104,0.00104,1.78670,6
Mason Mount,90,2,0,1,0,0,0,0,1,0,0,3,47,76.8,11.3,44.0,13.2,1,0.43980,0.04011,0.47991,1.78670,15
Kai Havertz,45,0,0,0,0,0,0,0,0,0,0,0,3,10.0,11.3,19.0,4.0,1,0.08060,0.07769,0.15829,1.31010,1
Conor Gallagher,32,0,0,0,0,0,0,0,0,0,0,0,-1,4.2,16.0,0.0,2.0,0,0.00000,0.08632,0.08632,0.25790,1
Armando Broja,1,0,0,0,0,0,0,0,0,0,0,0,3,0.0,0.0,0.0,0.0,0,0.00000,0.00000,0.00000,0.03700,1
Vicente Guaita,90,0,0,1,0,0,0,0,0,0,6,3,39,48.6,0.0,0.0,4.9,1,0.00000,0.00046,0.00046,1.03070,11
Joel Ward,90,0,0,1,0,0,0,0,0,0,0,2,31,17.4,2.1,2.0,2.2,1,0.00000,0.00586,0.00586,1.03070,8
Luka Milivojevic,34,0,0,0,0,0,0,0,0,0,0,0,2,2.0,1.0,1.0,0.4,0,0.04790,0.00531,0.05321,0.57050,1
Jordan Ayew,90,0,0,1,0,0,0,0,0,0,0,0,10,8.6,3.9,0.0,1.3,1,0.00000,0.00858,0.00858,1.03070,3
Wilfried Zaha,76,0,0,1,0,0,0,0,0,0,0,0,5,1.8,14.5,16.0,3.2,1,0.12780,0.09960,0.22740,0.70150,3
Jeffrey Schlupp,90,0,0,1,0,0,0,0,0,0,0,0,3,0.8,2.7,0.0,0.4,1,0.00000,0.01370,0.01370,1.03070,3
Jairo Riedewald,34,0,0,0,0,0,0,0,0,0,0,0,4,7.8,2.0,0.0,1.0,0,0.00000,0.00534,0.00534,0.57050,1
Joachim Andersen,90,0,0,1,0,0,0,0,1,0,0,0,21,13.8,0.9,0.0,1.5,1,0.00000,0.01381,0.01381,1.03070,5
Odsonne Edouard,64,0,0,1,0,0,0,0,0,0,0,0,3,12.8,3.1,11.0,2.7,1,0.07440,0.01013,0.08453,0.63940,2
Marc Guehi,90,0,0,1,0,0,0,0,0,0,0,1,28,28.0,0.8,4.0,3.3,1,0.05690,0.00625,0.06315,1.03070,7
Jean-Philippe Mateta,13,0,0,0,0,0,0,0,0,0,0,0,2,5.2,0.0,0.0,0.5,0,0.00000,0.00007,0.00007,0.32920,1
Eberechi Eze,90,0,0,1,0,0,0,0,0,0,0,0,14,7.8,29.2,2.0,3.9,1,0.05320,0.10216,0.15536,1.03070,3
Tyrick Mitchell,55,0,0,0,0,0,0,0,0,0,0,0,7,3.4,0.9,2.0,0.6,1,0.00000,0.00377,0.00377,0.46020,1
Michael Olise,25,0,0,0,0,0,0,0,0,0,0,0,1,0.2,0.3,0.0,0.1,0,0.00000,0.00011,0.00011,0.39130,1
Salomón Rondón,9,0,0,0,1,0,0,0,0,0,0,0,2,0.0,0.0,0.0,0.0,0,0.00000,0.00012,0.00012,0.23200,1
Seamus Coleman,66,0,0,0,1,0,0,0,0,0,0,0,9,8.0,0.6,8.0,1.7,1,0.02880,0.00330,0.03210,1.84040,2
Jordan Pickford,90,0,0,0,2,0,0,0,0,0,5,0,14,35.8,0.0,0.0,3.6,1,0.00000,0.00164,0.00164,2.27470,2
Alex Iwobi,90,0,0,0,2,0,0,0,0,0,0,0,7,3.4,2.7,0.0,0.6,1,0.00000,0.00728,0.00728,2.27470,2
Demarai Gray,90,0,0,0,2,0,0,0,0,0,0,0,3,0.0,5.5,4.0,0.8,1,0.09980,0.01868,0.11848,2.27470,2
Dominic Calvert-Lewin,24,0,0,0,1,0,0,0,0,0,0,0,2,0.0,0.0,2.0,0.1,0,0.00000,0.00002,0.00002,0.43430,1
Vitalii Mykolenko,90,0,0,0,2,0,0,0,1,0,0,0,9,10.2,1.5,0.0,1.2,1,0.00000,0.00282,0.00282,2.27470,0
James Tarkowski,90,0,0,0,2,0,0,0,0,0,0,0,16,42.0,0.8,9.0,5.2,1,0.06740,0.00436,0.07176,2.27470,1
Tom Cairney,45,0,0,0,0,0,0,0,0,0,0,0,7,7.8,22.4,12.0,4.2,0,0.05030,0.31746,0.36776,0.28890,1
Tim Ream,90,0,0,0,2,0,0,0,1,0,0,0,18,13.4,4.2,0.0,1.8,1,0.00000,0.01623,0.01623,1.05450,0
Neeskens Kebano,61,0,0,0,2,0,0,0,0,0,0,0,6,0.8,17.1,8.0,2.6,1,0.03610,0.03579,0.07189,0.83910,2
Bobby Reid,90,0,0,0,2,0,0,0,1,0,0,0,11,13.8,19.7,24.0,5.8,1,0.10160,0.05616,0.15776,1.05450,1
Aleksandar Mitrovic,90,1,0,0,2,0,0,0,0,0,0,1,26,35.6,13.4,75.0,12.4,1,1.22990,0.01897,1.24887,1.05450,7
Harrison Reed,45,0,0,0,2,0,0,0,0,0,0,0,8,10.6,36.1,10.0,5.7,1,0.00000,0.06559,0.06559,0.76550,1
Harry Wilson,28,0,0,0,0,0,0,0,0,0,0,0,2,2.2,3.2,6.0,1.1,0,0.08080,0.01305,0.09385,0.21540,1
Antonee Robinson,90,0,0,0,2,0,0,0,0,0,0,0,15,13.2,23.6,6.0,4.3,1,0.00000,0.08528,0.08528,1.05450,1
João Palhinha,90,0,0,0,2,0,0,0,0,0,0,0,10,9.8,3.8,12.0,2.6,1,0.07420,0.01488,0.08908,1.05450,2
Liam Cooper,90,0,0,0,1,0,0,0,0,0,0,0,15,14.0,10.9,4.0,2.9,1,0.00000,0.00471,0.00471,0.54960,2
Mateusz Klich,15,0,0,0,0,0,0,0,0,0,0,0,3,0.4,1.8,0.0,0.2,0,0.00000,0.00455,0.00455,0.07120,1
Rodrigo,45,0,0,0,1,0,0,0,0,0,0,0,2,5.2,12.8,46.0,6.4,1,0.16240,0.02962,0.19202,0.42760,1
Patrick Bamford,45,0,0,0,0,0,0,1,0,0,0,0,-21,2.4,0.5,46.0,4.9,0,1.00510,0.01120,1.01630,0.12200,-1
Robin Koch,90,0,0,0,1,0,0,0,0,0,0,0,12,15.0,1.7,0.0,1.7,1,0.00000,0.00619,0.00619,0.54960,2
Daniel James,45,0,0,0,2,0,0,0,0,0,0,0,4,1.4,1.9,54.0,5.7,1,0.23810,0.00808,0.24618,0.76550,1
Jack Harrison,75,0,0,0,1,0,0,0,0,0,0,0,11,4.8,24.9,3.0,3.3,1,0.04000,0.24105,0.28105,0.47840,2
Pascal Struijk,90,0,0,0,1,0,0,0,0,0,0,0,15,13.2,2.5,33.0,4.9,1,0.21340,0.01221,0.22561,0.54960,2
Illan Meslier,90,0,0,0,1,0,0,0,0,0,3,0,16,19.6,0.0,0.0,2.0,1,0.00000,0.00009,0.00009,0.54960,3
Crysencio Summerville,6,0,0,0,0,0,0,0,0,0,0,0,2,0.0,1.0,4.0,0.3,0,0.09570,0.01246,0.10816,0.07120,1
Joe Gelhardt,1,0,0,0,0,0,0,0,0,0,0,0,3,0.0,0.0,0.0,0.0,0,0.00000,0.00000,0.00000,0.00000,1
Rasmus Kristensen,90,0,0,0,1,0,0,0,0,0,0,0,8,17.0,3.7,0.0,2.1,1,0.00000,0.01637,0.01637,0.54960,2
Marc Roca,83,0,0,0,1,0,0,0,0,0,0,0,16,16.6,13.4,12.0,4.2,1,0.02170,0.02976,0.05146,0.47840,2
Brenden Aaronson,90,0,0,0,1,0,0,0,0,0,0,0,11,18.8,45.4,14.0,7.8,1,0.07400,0.32199,0.39599,0.54960,2
Nampalys Mendy,25,0,0,0,0,0,0,0,0,0,0,0,3,2.4,1.8,0.0,0.4,0,0.00000,0.00722,0.00722,0.00000,1
Danny Ward,90,0,0,1,0,0,0,0,0,0,1,0,22,7.4,0.0,0.0,0.7,1,0.00000,0.00004,0.00004,0.39280,6
Jamie Vardy,25,0,0,0,0,0,0,0,1,0,0,0,-2,0.0,0.1,8.0,0.7,0,0.00000,0.00012,0.00012,0.00000,0
Daniel Amartey,90,0,0,1,0,0,0,0,0,0,0,0,25,12.0,1.0,0.0,1.3,1,0.00000,0.01008,0.01008,0.39280,6
Timothy Castagne,90,0,0,1,0,0,0,0,0,0,0,0,21,17.0,1.5,30.0,4.9,1,0.24250,0.01619,0.25869,0.39280,6
Youri Tielemans,81,0,0,1,0,0,0,0,0,0,0,0,14,13.4,25.0,4.0,4.2,1,0.00000,0.03671,0.03671,0.39280,3
James Maddison,90,0,0,1,0,0,0,0,1,0,0,0,2,15.6,33.3,36.0,8.5,1,0.38260,0.23290,0.61550,0.39280,2
Kelechi Iheanacho,5,0,0,0,0,0,0,0,0,0,0,0,3,5.2,11.0,19.0,3.5,0,0.03050,0.03881,0.06931,0.00000,1
Harvey Barnes,84,0,0,1,0,0,0,0,0,0,0,0,0,3.0,16.2,69.0,8.8,1,0.16020,0.13852,0.29872,0.39280,3
Kiernan Dewsbury-Hall,90,0,0,1,0,0,0,0,0,0,0,0,11,10.4,25.4,12.0,4.8,1,0.06890,0.04922,0.11812,0.39280,3
James Justin,90,0,0,1,0,0,0,0,0,0,0,0,22,14.2,4.4,1.0,2.0,1,0.01600,0.07187,0.08787,0.39280,6
Boubakary Soumare,64,0,0,1,0,0,0,0,0,0,0,0,15,16.0,12.1,1.0,2.9,1,0.03070,0.01349,0.04419,0.39280,3
Patson Daka,64,0,0,1,0,0,0,0,0,0,0,0,9,6.6,18.3,27.0,5.2,1,0.09910,0.47979,0.57889,0.39280,2
James Milner,90,0,0,1,0,0,0,0,0,0,0,0,9,15.0,1.4,4.0,2.0,1,0.03740,0.01989,0.05729,0.98060,3
Jordan Henderson,17,0,0,0,0,0,0,0,0,0,0,0,4,3.4,10.1,1.0,1.5,0,0.03190,0.00011,0.03201,0.17200,1
Thiago Alcántara,90,0,0,1,0,0,0,0,1,0,0,0,11,16.6,1.9,0.0,1.9,1,0.00000,0.02913,0.02913,0.98060,2
Roberto Firmino,71,0,0,1,0,0,0,0,0,0,0,0,10,12.4,26.9,8.0,4.7,1,0.00000,0.19787,0.19787,0.80860,2
Virgil van Dijk,90,0,0,1,0,0,0,0,0,0,0,2,26,22.8,0.2,0.0,2.3,1,0.00000,0.00103,0.00103,0.98060,8
Alisson,90,0,1,1,0,0,0,0,0,0,6,3,51,66.0,10.0,0.0,7.6,1,0.00000,0.00129,0.00129,0.98060,14
Fabinho,72,0,0,1,0,0,0,0,1,0,0,0,4,6.6,1.5,2.0,1.0,1,0.00000,0.00870,0.00870,0.80860,2
Mohamed Salah,89,1,0,1,0,0,0,0,0,0,0,0,15,30.4,5.7,23.0,5.9,1,0.85990,0.34300,1.20290,0.84050,8
Andrew Robertson,90,0,0,1,0,0,0,0,0,0,0,0,25,17.2,5.4,10.0,3.3,1,0.09020,0.01098,0.10118,0.98060,6
Trent Alexander-Arnold,1,0,0,0,0,0,0,0,0,0,0,0,-1,0.0,0.0,7.0,0.5,0,0.51910,0.00000,0.51910,0.14010,1
Joseph Gomez,90,0,0,1,0,0,0,0,0,0,0,2,26,22.0,0.3,0.0,2.2,1,0.00000,0.00341,0.00341,0.98060,8
Diogo Jota,90,0,0,1,0,0,0,0,1,0,0,0,12,23.4,45.0,23.0,9.1,1,0.11220,0.04969,0.16189,0.98060,1
Konstantinos Tsimikas,1,0,0,0,0,0,0,0,0,0,0,0,3,0.0,0.0,0.0,0.0,0,0.00000,0.00000,0.00000,0.00000,1
Harvey Elliott,72,0,0,1,0,0,0,0,0,0,0,0,10,3.2,16.6,28.0,4.8,1,0.08510,0.37722,0.46232,0.80860,3
Neco Williams,90,0,0,0,1,0,0,0,0,0,0,0,4,9.4,14.4,4.0,2.8,1,0.09350,0.01923,0.11273,1.31990,2
Fabio Carvalho,17,0,0,0,0,0,0,0,0,0,0,0,2,0.6,0.0,0.0,0.1,0,0.00000,0.00002,0.00002,0.17200,1
Darwin Núñez,18,0,0,0,0,0,0,0,0,0,0,0,2,0.0,10.3,15.0,2.5,0,0.33420,0.54476,0.87896,0.17200,1
Ilkay Gündogan,88,0,0,0,1,0,0,0,0,0,0,0,13,17.8,44.3,54.0,11.6,1,0.19660,0.24049,0.43709,1.31840,2
Kevin De Bruyne,90,0,0,0,1,0,0,0,0,0,0,0,16,14.0,37.1,16.0,6.7,1,0.02840,0.57223,0.60063,2.07010,2
Raheem Sterling,88,0,0,1,0,0,0,0,0,0,0,0,-2,2.4,12.8,33.0,4.8,1,0.30960,0.02011,0.32971,1.74970,3
João Cancelo,90,0,0,0,1,0,0,0,0,0,0,0,10,5.0,6.3,24.0,3.5,1,0.04540,0.02706,0.07246,2.07010,2
Ederson,90,0,0,0,1,0,0,0,0,0,1,0,16,15.8,0.0,0.0,1.6,1,0.00000,0.00012,0.00012,2.07010,2
Nathan Aké,90,0,0,0,1,0,0,0,0,0,0,0,16,16.2,3.3,4.0,2.4,1,0.00000,0.10101,0.10101,2.07010,2
Bernardo Silva,90,0,0,0,1,0,0,0,0,0,0,0,7,16.6,3.8,6.0,2.6,1,0.05560,0.03867,0.09427,2.07010,2
Rúben Dias,90,0,0,0,1,0,0,0,0,0,0,0,18,19.2,0.7,6.0,2.6,1,0.16030,0.00522,0.16552,2.07010,2
Phil Foden,90,0,0,0,1,0,0,0,0,0,0,0,22,31.8,58.8,10.0,10.1,1,0.00000,0.12513,0.12513,2.07010,2
Rodri,90,0,0,0,1,0,0,0,0,0,0,0,22,28.6,22.8,8.0,5.9,1,0.03470,0.03890,0.07360,2.07010,2
Erling Haaland,90,0,0,0,1,0,0,0,0,0,0,0,-2,18.2,13.9,122.0,15.4,1,0.45940,0.09232,0.55172,2.07010,2
Julián Álvarez,1,0,0,0,0,0,0,0,0,0,0,0,3,0.0,0.0,0.0,0.0,0,0.00000,0.00000,0.00000,0.75170,1
Cristiano Ronaldo,71,0,0,1,0,0,0,0,1,0,0,0,0,0.0,1.8,12.0,1.0,1,0.07710,0.00695,0.08405,0.85510,1
David de Gea,90,0,0,1,0,0,0,0,0,0,2,0,24,16.0,0.0,0.0,1.6,1,0.00000,0.00112,0.00112,0.90790,6
Raphael Varane,90,0,0,1,0,0,0,0,0,0,0,0,25,16.0,1.0,2.0,1.9,1,0.00000,0.00593,0.00593,0.90790,6
Fred,90,0,0,1,0,0,0,0,0,0,0,0,5,5.6,29.1,35.0,7.0,1,0.16810,0.06948,0.23758,0.90790,3
Luke Shaw,90,0,0,1,0,0,0,0,0,0,0,0,23,10.8,18.7,4.0,3.4,1,0.00000,0.05716,0.05716,0.90790,6
Bruno Fernandes,90,0,0,1,0,0,0,0,1,0,0,0,10,16.6,42.2,14.0,7.3,1,0.06100,0.24657,0.30757,0.90790,2
Marcus Rashford,18,0,0,0,0,0,0,0,0,0,0,0,3,0.2,11.9,8.0,2.0,0,0.30880,0.11934,0.42814,0.05270,1
Jadon Sancho,90,0,0,1,0,0,0,0,0,0,0,0,15,6.6,29.6,17.0,5.3,1,0.04180,0.16888,0.21068,0.90790,3
Diogo Dalot,90,0,0,1,0,0,0,0,0,0,0,3,32,19.0,28.3,2.0,4.9,1,0.00000,0.06012,0.06012,0.90790,9
Andreas Pereira,86,0,1,0,2,0,0,0,0,0,0,0,15,22.4,45.1,5.0,7.3,1,0.04840,0.51926,0.56766,1.05450,5
Chris Wood,12,0,0,0,0,0,0,0,0,0,0,0,3,0.0,0.0,0.0,0.0,0,0.00000,0.00000,0.00000,0.41510,1
Callum Wilson,77,0,0,1,0,0,0,0,0,0,0,0,4,3.2,0.5,13.0,1.7,1,0.24330,0.00343,0.24673,0.40520,2
Kieran Trippier,90,0,0,1,0,0,0,0,0,0,0,0,26,18.2,57.6,8.0,8.4,1,0.05950,0.33506,0.39456,0.82030,6
Dan Burn,77,0,0,1,0,0,0,0,1,0,0,0,10,0.0,0.2,4.0,0.4,1,0.00000,0.00135,0.00135,0.40520,5
Ryan Fraser,31,0,0,0,0,0,0,0,0,0,0,0,3,0.2,0.5,2.0,0.3,0,0.00000,0.00353,0.00353,0.49940,1
Jamaal Lascelles,1,0,0,0,0,0,0,0,0,0,0,0,4,3.0,0.0,0.0,0.3,0,0.00000,0.00000,0.00000,0.29210,1
Jacob Murphy,58,0,0,0,0,0,0,0,0,0,0,0,4,6.6,13.6,9.0,2.9,1,0.09800,0.02119,0.11919,0.32090,1
Fabian Schär,90,0,0,1,0,0,0,0,0,0,0,2,31,25.4,0.8,4.0,3.0,1,0.00000,0.06508,0.06508,0.52820,8
Matt Targett,12,0,0,0,0,0,0,0,0,0,0,0,3,3.0,0.0,0.0,0.3,0,0.00000,0.00000,0.00000,0.41510,1
Miguel Almirón,90,0,0,1,0,0,0,0,0,0,0,0,4,3.2,3.2,3.0,0.9,1,0.05270,0.02937,0.08207,0.82030,3
Sean Longstaff,90,0,0,1,0,0,0,0,0,0,0,0,8,12.6,2.8,2.0,1.7,1,0.00000,0.03328,0.03328,0.82030,3
Joelinton,90,0,0,1,0,0,0,0,0,0,0,0,0,5.0,1.5,26.0,3.3,1,0.31880,0.03111,0.34991,0.82030,3
Joe Willock,12,0,0,0,0,0,0,0,0,0,0,0,2,2.2,0.4,2.0,0.5,0,0.00000,0.00124,0.00124,0.41510,1
Bruno Guimarães,77,0,0,1,0,0,0,0,0,0,0,0,4,6.6,10.8,33.0,5.0,1,0.13560,0.00684,0.14244,0.40520,3
Nick Pope,90,0,0,1,0,0,0,0,0,0,2,0,24,18.4,0.0,0.0,1.8,1,0.00000,0.00035,0.00035,0.82030,6
Sven Botman,90,0,0,1,0,0,0,0,0,0,0,1,27,19.8,10.8,4.0,3.5,1,0.00000,0.26313,0.26313,0.82030,7
Steve Cook,90,0,0,0,1,0,0,0,0,0,0,0,12,11.0,10.5,4.0,2.6,1,0.00000,0.21265,0.21265,1.31990,2
Scott McKenna,90,0,0,0,1,0,0,0,1,0,0,0,8,9.6,0.0,6.0,1.6,1,0.05970,0.01242,0.07212,1.31990,1
Ryan Yates,90,0,0,0,1,0,0,0,0,0,0,0,9,20.0,2.0,9.0,3.1,1,0.24050,0.00946,0.24996,1.31990,2
Sam Surridge,1,0,0,0,0,0,0,0,0,0,0,0,3,0.0,0.0,0.0,0.0,0,0.00000,0.00000,0.00000,0.00000,1
Brennan Johnson,90,0,0,0,1,0,0,1,0,0,0,0,-2,6.6,1.8,37.0,4.5,1,0.83950,0.00281,0.84231,1.31990,0
Taiwo Awoniyi,6,0,0,0,0,0,0,0,0,0,0,0,3,0.2,0.0,0.0,0.0,0,0.00000,0.00002,0.00002,0.00000,1
Dean Henderson,90,0,0,0,1,0,0,0,0,0,1,0,12,7.0,0.0,0.0,0.7,1,0.00000,0.00057,0.00057,1.31990,2
Stuart Armstrong,16,0,0,0,0,0,0,0,0,0,0,0,3,4.0,0.6,0.0,0.5,0,0.00000,0.00476,0.00476,0.47460,1
Mohamed Elyounoussi,90,0,0,0,1,0,0,0,0,0,0,0,14,18.4,15.8,44.0,7.8,1,0.11840,0.13439,0.25279,1.68020,2
James Ward-Prowse,90,0,0,0,1,0,0,0,0,0,0,0,14,8.8,13.8,0.0,2.3,1,0.00000,0.01796,0.01796,1.68020,2
Adam Armstrong,73,0,0,0,1,0,0,0,0,0,0,0,5,14.0,22.2,0.0,3.6,1,0.00000,0.03893,0.03893,1.20560,2
Kyle Walker-Peters,90,0,0,0,1,0,0,0,1,0,0,0,4,15.6,6.0,0.0,2.2,1,0.00000,0.04527,0.04527,1.68020,1
Che Adams,73,0,0,0,1,0,0,0,0,0,0,0,6,20.4,12.1,51.0,8.4,1,0.25570,0.00890,0.26460,1.20560,2
Ibrahima Diallo,16,0,0,0,0,0,0,0,0,0,0,0,3,0.0,0.3,1.0,0.1,0,0.01380,0.00102,0.01482,0.47460,1
Romain Perraud,90,1,0,0,1,0,0,0,0,0,0,0,18,43.0,2.8,9.0,5.5,1,0.03120,0.00992,0.04112,1.68020,8
Mohammed Salisu,90,0,0,0,1,0,0,0,0,0,0,0,17,52.4,0.3,0.0,5.3,1,0.00000,0.00503,0.00503,1.68020,2
Gavin Bazunu,90,0,0,0,1,0,0,0,0,0,3,0,16,24.6,0.0,0.0,2.5,1,0.00000,0.00295,0.00295,1.68020,3
Armel Bella Kotchap,41,0,0,0,0,0,0,0,0,0,0,0,5,4.4,0.2,17.0,2.2,1,0.00520,0.00119,0.00639,0.49470,1
Hugo Lloris,90,0,0,1,0,0,0,0,0,0,0,0,20,2.6,0.0,0.0,0.3,1,0.00000,0.00004,0.00004,0.42690,6
Harry Kane,90,1,0,1,0,0,0,0,0,0,0,3,37,52.2,36.3,130.0,21.9,1,1.21870,0.11930,1.33800,0.42690,9
Son Heung-Min,90,0,0,1,0,0,0,0,0,0,0,0,15,14.4,35.3,59.0,10.9,1,0.33690,0.13590,0.47280,0.42690,3
Matt Doherty,90,0,0,1,0,0,0,0,0,0,0,0,22,6.2,4.1,37.0,4.7,1,0.07440,0.01092,0.08532,0.42690,6
Eric Dier,90,0,0,1,0,0,0,0,0,0,0,0,24,13.2,1.3,36.0,5.1,1,0.09810,0.03293,0.13103,0.42690,6
Lucas Moura,1,0,0,0,0,0,0,0,0,0,0,0,3,0.0,0.0,0.0,0.0,0,0.00000,0.00000,0.00000,0.00000,1
Ben Davies,90,0,0,1,0,0,0,0,0,0,0,0,23,10.4,35.4,0.0,4.6,1,0.00000,0.07103,0.07103,0.42690,6
Pierre-Emile Højbjerg,90,1,0,1,0,0,0,0,0,0,0,1,26,33.0,5.6,18.0,5.7,1,0.12400,0.02875,0.15275,0.42690,9
Davinson Sánchez,3,0,0,0,0,0,0,0,0,0,0,0,4,3.2,0.1,0.0,0.3,0,0.00000,0.00003,0.00003,0.00000,1
Rodrigo Bentancur,90,0,1,1,0,0,0,0,1,0,0,0,15,19.0,18.4,0.0,3.7,1,0.00000,0.04507,0.04507,0.42690,5
Oliver Skipp,1,0,0,0,0,0,0,0,0,0,0,0,3,0.0,0.0,0.0,0.0,0,0.00000,0.00000,0.00000,0.00000,1
Cristian Romero,86,0,0,1,0,0,0,0,0,0,0,0,22,12.2,16.3,3.0,3.2,1,0.02720,0.32637,0.35357,0.42690,6
Yves Bissouma,38,0,0,0,0,0,0,0,0,0,0,0,6,7.8,21.6,0.0,2.9,0,0.00000,0.00696,0.00696,0.00000,1
Ivan Perisic,90,0,0,1,0,0,0,0,0,0,0,2,31,21.8,62.0,36.0,12.0,1,0.13300,0.35603,0.48903,0.42690,8
Richarlison,51,0,0,0,0,0,0,0,0,0,0,0,0,0.0,4.7,16.0,2.0,1,0.27140,0.00985,0.28125,0.42690,1
Lukasz Fabianski,90,0,0,0,1,0,0,0,0,0,7,2,22,46.6,0.0,0.0,4.7,1,0.00000,0.00042,0.00042,0.45310,6
Aaron Cresswell,90,0,0,0,1,0,0,0,0,0,0,1,19,21.0,47.9,2.0,7.1,1,0.00000,0.36130,0.36130,0.45310,3
Michail Antonio,3,0,0,0,0,0,0,0,0,0,0,0,3,0.0,0.0,0.0,0.0,0,0.00000,0.00000,0.00000,0.00000,1
Manuel Lanzini,3,0,0,0,0,0,0,0,0,0,0,0,3,0.4,1.5,0.0,0.2,0,0.00000,0.00600,0.00600,0.00000,1
Vladimir Coufal,90,0,0,0,1,0,0,0,1,0,0,0,14,20.8,41.2,2.0,6.4,1,0.00000,0.16664,0.16664,0.45310,1
Said Benrahma,31,0,1,0,0,0,0,0,0,0,0,0,14,20.2,22.8,34.0,7.7,0,0.13710,0.01851,0.15561,0.04600,4
Jarrod Bowen,90,0,0,0,1,0,0,0,0,0,0,0,7,14.2,37.2,32.0,8.3,1,0.05710,0.13731,0.19441,0.45310,2
Declan Rice,90,1,0,0,1,0,0,0,0,0,0,3,36,53.0,25.3,15.0,9.3,1,0.06910,0.03691,0.10601,0.45310,10
Tomas Soucek,90,0,0,0,1,0,0,0,0,0,0,0,11,17.6,0.9,24.0,4.3,1,0.41790,0.02477,0.44267,0.45310,2
Issa Diop,90,1,0,0,2,0,0,0,0,0,0,2,28,49.0,3.1,33.0,8.5,1,0.24540,0.05370,0.29910,1.05450,9
Ben Johnson,90,0,0,0,1,0,0,0,0,0,0,0,13,19.2,3.3,0.0,2.3,1,0.00000,0.00974,0.00974,0.45310,2
Conor Coady,90,0,0,0,2,0,0,0,0,0,0,0,21,27.6,10.4,0.0,3.8,1,0.00000,0.00416,0.00416,2.27470,1
Jonny,90,0,0,1,0,0,0,0,0,0,0,0,21,14.2,3.3,0.0,1.8,1,0.00000,0.01697,0.01697,1.48520,6
José Sá,90,0,0,1,0,0,1,0,0,0,2,3,39,34.4,0.0,0.0,3.4,1,0.00000,0.00007,0.00007,1.48520,14
Leander Dendoncker,12,0,0,0,0,0,0,0,0,0,0,0,3,2.4,10.8,0.0,1.3,0,0.00000,0.00489,0.00489,0.11890,1
Rúben Neves,90,1,0,1,0,0,0,0,0,0,0,2,31,48.6,6.2,26.0,8.1,1,0.79930,0.03761,0.83691,1.48520,10
Hee-Chan Hwang,8,0,0,0,0,0,0,0,0,0,0,0,2,0.0,0.3,0.0,0.0,0,0.00000,0.00107,0.00107,0.27810,1
Nélson Semedo,5,0,0,0,0,0,0,0,0,0,0,0,3,0.0,0.1,0.0,0.0,0,0.00000,0.00018,0.00018,0.27810,1
Daniel Podence,90,0,0,1,0,0,0,0,1,0,0,0,7,8.2,14.7,8.0,3.1,1,0.00000,0.04353,0.04353,1.48520,2
Max Kilman,90,0,0,1,0,0,0,0,0,0,0,0,25,16.2,0.9,4.0,2.1,1,0.09130,0.00843,0.09973,1.48520,6
Rayan Ait Nouri,90,0,0,1,0,0,0,0,0,0,0,0,16,0.0,1.6,10.0,1.2,1,0.10400,0.00909,0.11309,1.48520,6
Toti,90,0,0,1,0,0,0,0,0,0,0,1,30,22.2,10.8,2.0,3.5,1,0.00000,0.01383,0.01383,1.48520,7
Adama Traoré,84,0,1,1,0,0,0,0,0,0,0,0,21,13.2,39.3,30.0,8.3,1,0.25670,0.16280,0.41950,1.20710,6
Morgan Gibbs-White,90,0,0,0,1,0,0,0,0,0,0,0,8,3.2,21.3,7.0,3.2,1,0.16720,0.10770,0.27490,1.31990,2
João Moutinho,81,0,0,1,0,0,0,0,0,0,0,0,12,14.8,31.1,0.0,4.6,1,0.00000,0.03954,0.03954,1.20710,3
Tyler Adams,90,0,0,0,1,0,0,0,0,0,0,0,8,8.4,3.5,0.0,1.2,1,0.00000,0.02570,0.02570,0.54960,2
Luis Sinisterra,88,0,0,0,1,0,0,0,0,0,0,0,12,13.0,27.3,53.0,9.3,1,0.24280,0.09625,0.33905,0.54960,2
Joe Ayodele-Aribo,73,0,0,0,1,0,0,0,0,0,0,0,6,12.6,13.6,6.0,3.2,1,0.00000,0.01419,0.01419,1.20560,2
Cheick Oumar Doucoure,55,0,0,0,0,0,0,0,1,0,0,0,3,4.0,12.0,8.0,2.4,1,0.03270,0.02399,0.05669,0.46020,0
Kalidou Koulibaly,45,0,0,0,0,0,0,0,1,0,0,0,11,12.2,0.4,0.0,1.3,0,0.00000,0.00112,0.00112,0.47660,0
Djed Spence,1,0,0,0,0,0,0,0,0,0,0,0,3,0.0,0.0,0.0,0.0,0,0.00000,0.00000,0.00000,0.00000,1
Harry Toffolo,88,0,0,0,1,0,0,0,0,0,0,0,4,2.4,1.0,0.0,0.3,1,0.00000,0.00904,0.00904,1.31990,2
Ben Mee,90,0,0,1,0,0,0,0,0,0,0,0,23,27.2,0.3,6.0,3.4,1,0.14540,0.00251,0.14791,1.94910,6
Jesse Lingard,20,0,0,0,0,0,0,0,0,0,0,0,4,2.4,10.9,6.0,1.9,0,0.00000,0.01716,0.01716,0.01090,1
Sékou Mara,16,0,0,0,0,0,0,0,0,0,0,0,2,3.2,10.3,0.0,1.4,0,0.00000,0.00135,0.00135,0.47460,1
Gianluca Scamacca,86,0,0,0,1,0,0,0,0,0,0,0,2,0.0,23.0,70.0,9.2,1,0.44330,0.14348,0.58678,0.45310,2
Lisandro Martínez,90,0,0,1,0,0,0,0,0,0,0,0,22,6.6,0.9,0.0,0.8,1,0.00000,0.00506,0.00506,0.90790,6
Dwight McNeil,90,0,0,0,2,0,0,0,1,0,0,0,7,18.2,15.3,0.0,3.4,1,0.00000,0.04764,0.04764,2.27470,1
Marcus Tavernier,74,0,0,0,2,0,0,0,0,0,0,0,7,19.2,5.8,13.0,3.8,1,0.04310,0.00840,0.05150,1.99370,2
Orel Mangala,20,0,0,0,0,0,0,0,0,0,0,0,2,0.0,0.3,9.0,0.8,0,0.08280,0.00241,0.08521,0.01090,1
Ashley Young,90,0,0,0,2,0,0,0,0,0,0,0,13,13.6,12.0,0.0,2.6,1,0.00000,0.02526,0.02526,0.86580,1
Emerson,58,0,0,0,1,0,0,0,0,0,0,0,2,4.8,2.7,6.0,1.4,1,0.03610,0.04390,0.08000,0.40710,1
Dennis Praet,8,0,0,0,0,0,0,0,0,0,0,0,6,3.2,0.4,0.0,0.4,0,0.00000,0.00776,0.00776,0.00000,1
Hugo Bueno,1,0,0,0,0,0,0,0,0,0,0,0,4,4.0,0.0,0.0,0.4,0,0.00000,0.00000,0.00000,0.00000,1
Joseph Hodge,1,0,0,0,0,0,0,0,1,0,0,0,-1,0.0,0.5,0.0,0.0,0,0.00000,0.00178,0.00178,0.00000,0
James Garner,23,0,0,0,1,0,0,0,0,0,0,0,5,3.8,0.7,0.0,0.5,0,0.00000,0.00444,0.00444,0.43430,1
Neto,90,0,0,0,2,0,0,0,0,0,2,0,13,13.8,0.0,0.0,1.4,1,0.00000,0.00137,0.00137,2.12620,1
Marcos Senesi,90,0,0,0,2,0,0,0,0,0,0,0,12,25.4,0.1,0.0,2.6,1,0.00000,0.00250,0.00250,2.12620,1
Amadou Onana,90,0,0,0,2,0,0,0,0,0,0,0,10,11.4,14.7,10.0,3.6,1,0.23100,0.00359,0.23459,2.27470,2
Remo Freuler,83,0,0,0,1,0,0,0,0,0,0,0,12,10.6,11.8,0.0,2.2,1,0.00000,0.00968,0.00968,1.31990,2
Cheikhou Kouyaté,69,0,0,0,1,0,0,0,0,0,0,0,5,9.4,1.3,7.0,1.8,1,0.00190,0.00044,0.00234,1.30900,2
Emmanuel Dennis,69,0,0,0,1,0,0,0,1,0,0,0,0,0.0,1.8,2.0,0.2,1,0.00000,0.00180,0.00180,1.30900,1
Estupiñán,45,0,0,0,1,0,0,0,0,0,0,0,10,15.2,30.2,2.0,4.7,1,0.00000,0.21249,0.21249,0.43580,1
Thilo Kehrer,90,0,0,0,1,0,0,0,0,0,0,1,19,16.0,1.5,0.0,1.8,1,0.00000,0.00967,0.00967,0.45310,3
Matheus Nunes,90,0,0,1,0,0,0,0,0,0,0,0,-1,0.0,19.2,6.0,2.4,1,0.00000,0.01689,0.01689,1.48520,3
Casemiro,90,0,0,1,0,0,0,0,1,0,0,0,8,22.4,18.8,8.0,4.9,1,0.00840,0.43646,0.44486,0.90790,2
Lucas Paquetá,86,0,0,0,1,0,0,0,0,0,0,0,5,9.0,8.3,86.0,10.3,1,0.51960,0.03951,0.55911,0.45310,2
Antony,90,0,0,1,0,0,0,0,0,0,0,0,12,8.0,9.0,49.0,6.6,1,0.15520,0.02645,0.18165,0.90790,3
Manuel Akanji,90,0,0,0,1,0,0,0,1,0,0,0,7,4.4,1.4,0.0,0.6,1,0.00000,0.00710,0.00710,2.07010,1
Idrissa Gueye,80,0,0,0,1,0,0,0,1,0,0,0,11,4.2,0.9,0.0,0.5,1,0.00000,0.00277,0.00277,2.04270,1
Wout Faes,90,0,0,1,0,0,0,0,0,0,0,0,27,21.6,3.7,0.0,2.5,1,0.00000,0.00613,0.00613,0.39280,6
Willian,45,0,0,0,0,0,0,0,0,0,0,0,5,4.4,14.3,12.0,3.1,0,0.02140,0.05010,0.07150,0.28890,1
Pierre-Emerick Aubameyang,57,0,0,0,0,0,0,0,0,0,0,0,2,0.0,10.6,2.0,1.1,1,0.00000,0.04958,0.04958,1.52880,1
Carlos Vinicius,3,0,0,0,0,0,0,0,0,0,0,0,5,0.0,0.1,2.0,0.2,0,0.00000,0.00005,0.00005,0.00000,1
Duje Caleta-Car,48,0,0,0,1,0,0,0,0,0,0,0,6,13.4,0.1,0.0,1.4,0,0.00000,0.00046,0.00046,1.18550,1
Samuel Edozie,16,0,0,0,0,0,0,0,0,0,0,0,2,3.2,0.8,11.0,1.5,0,0.03220,0.00225,0.03445,0.47460,1
Diego Costa,81,0,0,1,0,0,0,0,0,0,0,0,2,0.0,0.9,38.0,3.9,1,0.06860,0.01332,0.08192,1.20710,2
Boubacar Traore,8,0,0,0,0,0,0,0,0,0,0,0,4,0.4,0.1,0.0,0.1,0,0.00000,0.00053,0.00053,0.27810,1
